-- Наповнення бази даних "Авіакомпанія" тестовими даними

-- Посади
INSERT INTO посади (назва, опис, базова_зарплата) VALUES
('Пілот', 'Керує літаком', 120000.00),
('Другий пілот', 'Помічник пілота', 85000.00),
('Бортпровідник', 'Обслуговує пасажирів під час польоту', 45000.00),
('Технік', 'Обслуговує літаки', 60000.00),
('Диспетчер', 'Координує рух літаків', 70000.00),
('Менеджер з продажу квитків', 'Відповідає за продаж квитків', 40000.00),
('Адміністратор', 'Адміністративна робота', 35000.00);

-- Типи літаків
INSERT INTO типи_літаків (назва, виробник, максимальна_дальність_польоту, максимальна_швидкість, максимальна_висота_польоту, максимальна_кількість_пасажирів, максимальна_вантажопідйомність) VALUES
('Boeing 737-800', 'Boeing', 5765, 853, 12500, 189, 20000),
('Airbus A320', 'Airbus', 6100, 828, 12000, 180, 16600),
('Boeing 777-300ER', 'Boeing', 14594, 945, 13100, 396, 49000),
('Airbus A380', 'Airbus', 15200, 1020, 13100, 853, 84000),
('Embraer E190', 'Embraer', 4537, 870, 12000, 114, 13000);

-- Статуси рейсів
INSERT INTO статуси_рейсів (назва, опис) VALUES
('Запланований', 'Рейс запланований і буде виконаний згідно розкладу'),
('Реєстрація', 'Відкрита реєстрація на рейс'),
('Посадка', 'Відбувається посадка пасажирів'),
('В польоті', 'Літак знаходиться в повітрі'),
('Прибув', 'Літак прибув до пункту призначення'),
('Затримано', 'Рейс затримується'),
('Скасовано', 'Рейс скасовано');

-- Класи обслуговування
INSERT INTO класи_обслуговування (назва, опис, коефіцієнт_вартості) VALUES
('Економ', 'Базове обслуговування', 1.00),
('Бізнес', 'Підвищений комфорт та обслуговування', 2.50),
('Перший клас', 'Найвищий рівень комфорту та обслуговування', 4.00);

-- Статуси бронювань
INSERT INTO статуси_бронювань (назва, опис) VALUES
('Створено', 'Бронювання створене, але не оплачене'),
('Підтверджено', 'Бронювання підтверджене та оплачене'),
('Зареєстровано', 'Пасажир зареєструвався на рейс'),
('Завершено', 'Рейс виконано'),
('Скасовано', 'Бронювання скасовано');

-- Статуси техобслуговування
INSERT INTO статуси_техобслуговування (назва, опис) VALUES
('Заплановано', 'Технічне обслуговування заплановане'),
('В процесі', 'Технічне обслуговування виконується'),
('Завершено', 'Технічне обслуговування завершено'),
('Відкладено', 'Технічне обслуговування відкладено'),
('Скасовано', 'Технічне обслуговування скасовано');

-- Методи оплати
INSERT INTO методи_оплати (назва, опис) VALUES
('Кредитна картка', 'Оплата кредитною карткою'),
('Дебетова картка', 'Оплата дебетовою карткою'),
('Банківський переказ', 'Оплата банківським переказом'),
('Готівка', 'Оплата готівкою'),
('PayPal', 'Оплата через PayPal');

-- Персонал
INSERT INTO персонал (прізвище, імя, по_батькові, дата_народження, стать, адреса, телефон, email, дата_прийому_на_роботу, посада_id, зарплата, статус, примітки) VALUES
('Петренко', 'Іван', 'Миколайович', '1980-05-15', 'Ч', 'м. Київ, вул. Хрещатик, 10, кв. 5', '+380991234567', 'petrenko@airline.ua', '2010-03-01', 1, 130000.00, 'Активний', NULL),
('Коваленко', 'Олександр', 'Петрович', '1985-10-20', 'Ч', 'м. Київ, вул. Васильківська, 15, кв. 7', '+380992345678', 'kovalenko@airline.ua', '2012-05-10', 2, 90000.00, 'Активний', NULL),
('Іваненко', 'Марія', 'Іванівна', '1990-03-25', 'Ж', 'м. Київ, вул. Саксаганського, 20, кв. 10', '+380993456789', 'ivanenko@airline.ua', '2015-07-15', 3, 50000.00, 'Активний', NULL),
('Сидоренко', 'Олена', 'Олександрівна', '1988-12-10', 'Ж', 'м. Київ, вул. Антоновича, 25, кв. 12', '+380994567890', 'sydorenko@airline.ua', '2014-04-20', 3, 48000.00, 'Активний', NULL),
('Мельник', 'Василь', 'Андрійович', '1975-08-05', 'Ч', 'м. Київ, вул. Ярославів Вал, 30, кв. 15', '+380995678901', 'melnyk@airline.ua', '2005-09-01', 4, 65000.00, 'Активний', NULL),
('Бондаренко', 'Андрій', 'Васильович', '1982-06-18', 'Ч', 'м. Київ, вул. Богдана Хмельницького, 35, кв. 18', '+380996789012', 'bondarenko@airline.ua', '2011-11-15', 5, 75000.00, 'Активний', NULL),
('Шевченко', 'Ірина', 'Павлівна', '1992-02-28', 'Ж', 'м. Київ, вул. Велика Васильківська, 40, кв. 20', '+380997890123', 'shevchenko@airline.ua', '2017-01-10', 6, 42000.00, 'Активний', NULL),
('Кравченко', 'Микола', 'Степанович', '1978-11-30', 'Ч', 'м. Київ, вул. Льва Толстого, 45, кв. 22', '+380998901234', 'kravchenko@airline.ua', '2008-08-20', 7, 38000.00, 'Активний', NULL);

-- Аеропорти
INSERT INTO аеропорти (код_іата, код_ікао, назва, місто, країна, часовий_пояс, кількість_терміналів, кількість_злітно_посадкових_смуг, географічні_координати, примітки) VALUES
('KBP', 'UKBB', 'Міжнародний аеропорт Бориспіль', 'Київ', 'Україна', 'Europe/Kiev', 2, 2, '50.345, 30.894', NULL),
('IEV', 'UKKK', 'Міжнародний аеропорт Київ (Жуляни)', 'Київ', 'Україна', 'Europe/Kiev', 1, 1, '50.409, 30.449', NULL),
('LWO', 'UKLL', 'Міжнародний аеропорт Львів імені Данила Галицького', 'Львів', 'Україна', 'Europe/Kiev', 1, 1, '49.813, 23.956', NULL),
('ODS', 'UKOO', 'Міжнародний аеропорт Одеса', 'Одеса', 'Україна', 'Europe/Kiev', 1, 1, '46.427, 30.676', NULL),
('DNK', 'UKDD', 'Міжнародний аеропорт Дніпро', 'Дніпро', 'Україна', 'Europe/Kiev', 1, 1, '48.357, 35.100', NULL),
('WAW', 'EPWA', 'Варшавський міжнародний аеропорт імені Фредеріка Шопена', 'Варшава', 'Польща', 'Europe/Warsaw', 2, 2, '52.166, 20.967', NULL),
('FRA', 'EDDF', 'Міжнародний аеропорт Франкфурт-на-Майні', 'Франкфурт', 'Німеччина', 'Europe/Berlin', 3, 4, '50.033, 8.570', NULL),
('CDG', 'LFPG', 'Міжнародний аеропорт Париж-Шарль де Голль', 'Париж', 'Франція', 'Europe/Paris', 3, 4, '49.009, 2.547', NULL),
('LHR', 'EGLL', 'Лондонський аеропорт Хітроу', 'Лондон', 'Велика Британія', 'Europe/London', 5, 2, '51.470, -0.454', NULL),
('JFK', 'KJFK', 'Міжнародний аеропорт імені Джона Кеннеді', 'Нью-Йорк', 'США', 'America/New_York', 6, 4, '40.639, -73.779', NULL);

-- Літаки
INSERT INTO літаки (реєстраційний_номер, серійний_номер, тип_літака_id, рік_випуску, дата_останнього_капітального_ремонту, дата_останнього_техогляду, загальний_наліт_годин, статус, примітки) VALUES
('UR-AAA', 'B737-12345', 1, 2015, '2022-01-15', '2023-06-10', 12500, 'Активний', NULL),
('UR-BBB', 'A320-23456', 2, 2016, '2022-03-20', '2023-05-15', 11200, 'Активний', NULL),
('UR-CCC', 'B777-34567', 3, 2014, '2021-11-10', '2023-04-20', 15800, 'Активний', NULL),
('UR-DDD', 'A380-45678', 4, 2012, '2021-08-05', '2023-03-25', 18500, 'Техобслуговування', 'Планове технічне обслуговування'),
('UR-EEE', 'E190-56789', 5, 2018, NULL, '2023-07-05', 7800, 'Активний', NULL);

-- Маршрути
INSERT INTO маршрути (аеропорт_відправлення_id, аеропорт_призначення_id, відстань, приблизний_час_польоту, базова_вартість) VALUES
(1, 3, 540, 60, 1500.00), -- Київ (Бориспіль) - Львів
(1, 4, 450, 70, 1600.00), -- Київ (Бориспіль) - Одеса
(1, 5, 430, 65, 1550.00), -- Київ (Бориспіль) - Дніпро
(1, 6, 750, 90, 2200.00), -- Київ (Бориспіль) - Варшава
(1, 7, 1800, 180, 5500.00), -- Київ (Бориспіль) - Франкфурт
(1, 8, 2100, 200, 6500.00), -- Київ (Бориспіль) - Париж
(1, 9, 2400, 220, 7000.00), -- Київ (Бориспіль) - Лондон
(1, 10, 7600, 540, 15000.00), -- Київ (Бориспіль) - Нью-Йорк
(3, 1, 540, 60, 1500.00), -- Львів - Київ (Бориспіль)
(4, 1, 450, 70, 1600.00); -- Одеса - Київ (Бориспіль)

-- Рейси
INSERT INTO рейси (номер_рейсу, маршрут_id, літак_id, дата_час_відправлення, дата_час_прибуття, статус_id, кількість_місць_економ, кількість_місць_бізнес, кількість_місць_перший_клас, доступно_місць_економ, доступно_місць_бізнес, доступно_місць_перший_клас, вартість_економ, вартість_бізнес, вартість_перший_клас, погодні_умови, примітки) VALUES
('PS101', 1, 1, '2023-08-15 08:00:00', '2023-08-15 09:00:00', 1, 150, 30, 0, 142, 25, 0, 1500.00, 3750.00, 0.00, 'Ясно', NULL),
('PS202', 2, 2, '2023-08-15 10:30:00', '2023-08-15 11:40:00', 1, 140, 30, 10, 135, 28, 10, 1600.00, 4000.00, 6400.00, 'Ясно', NULL),
('PS303', 3, 5, '2023-08-15 14:15:00', '2023-08-15 15:20:00', 1, 80, 24, 10, 75, 20, 8, 1550.00, 3875.00, 6200.00, 'Невелика хмарність', NULL),
('PS404', 4, 1, '2023-08-16 07:45:00', '2023-08-16 09:15:00', 1, 150, 30, 0, 150, 30, 0, 2200.00, 5500.00, 0.00, 'Хмарно', NULL),
('PS505', 5, 3, '2023-08-16 12:00:00', '2023-08-16 15:00:00', 1, 300, 60, 36, 290, 55, 36, 5500.00, 13750.00, 22000.00, 'Ясно', NULL),
('PS606', 6, 3, '2023-08-17 09:30:00', '2023-08-17 12:50:00', 1, 300, 60, 36, 300, 60, 36, 6500.00, 16250.00, 26000.00, 'Ясно', NULL),
('PS707', 7, 3, '2023-08-17 15:00:00', '2023-08-17 18:20:00', 1, 300, 60, 36, 300, 60, 36, 7000.00, 17500.00, 28000.00, 'Ясно', NULL),
('PS808', 8, 3, '2023-08-18 10:00:00', '2023-08-18 19:00:00', 1, 300, 60, 36, 300, 60, 36, 15000.00, 37500.00, 60000.00, 'Ясно', NULL),
('PS109', 9, 1, '2023-08-15 17:30:00', '2023-08-15 18:30:00', 1, 150, 30, 0, 150, 30, 0, 1500.00, 3750.00, 0.00, 'Ясно', NULL),
('PS210', 10, 2, '2023-08-16 19:00:00', '2023-08-16 20:10:00', 1, 140, 30, 10, 140, 30, 10, 1600.00, 4000.00, 6400.00, 'Ясно', NULL);

-- Пасажири
INSERT INTO пасажири (прізвище, імя, по_батькові, дата_народження, стать, громадянство, номер_паспорта, серія_паспорта, телефон, email, адреса, примітки) VALUES
('Семенко', 'Петро', 'Іванович', '1985-07-12', 'Ч', 'Україна', '123456789', 'АБ', '+380501234567', 'semenko@gmail.com', 'м. Київ, вул. Шевченка, 10, кв. 5', NULL),
('Іваненко', 'Ольга', 'Петрівна', '1990-03-25', 'Ж', 'Україна', '234567890', 'ВГ', '+380502345678', 'ivanenko@gmail.com', 'м. Київ, вул. Франка, 15, кв. 7', NULL),
('Петренко', 'Андрій', 'Миколайович', '1980-11-30', 'Ч', 'Україна', '345678901', 'ДЕ', '+380503456789', 'petrenko@gmail.com', 'м. Львів, вул. Лесі Українки, 20, кв. 10', NULL),
('Коваленко', 'Марія', 'Володимирівна', '1995-05-18', 'Ж', 'Україна', '456789012', 'ЄЖ', '+380504567890', 'kovalenko@gmail.com', 'м. Одеса, вул. Дерибасівська, 25, кв. 12', NULL),
('Шевченко', 'Ігор', 'Олександрович', '1978-09-22', 'Ч', 'Україна', '567890123', 'ЗИ', '+380505678901', 'shevchenko@gmail.com', 'м. Дніпро, вул. Гагаріна, 30, кв. 15', NULL),
('Мельник', 'Тетяна', 'Ігорівна', '1992-01-15', 'Ж', 'Україна', '678901234', 'ЙК', '+380506789012', 'melnyk@gmail.com', 'м. Київ, вул. Хрещатик, 35, кв. 18', NULL),
('Бондаренко', 'Сергій', 'Андрійович', '1983-06-08', 'Ч', 'Україна', '789012345', 'ЛМ', '+380507890123', 'bondarenko@gmail.com', 'м. Львів, вул. Городоцька, 40, кв. 20', NULL),
('Ткаченко', 'Наталія', 'Сергіївна', '1988-12-03', 'Ж', 'Україна', '890123456', 'НО', '+380508901234', 'tkachenko@gmail.com', 'м. Одеса, вул. Пушкінська, 45, кв. 22', NULL),
('Кравченко', 'Олександр', 'Васильович', '1975-04-27', 'Ч', 'Україна', '901234567', 'ПР', '+380509012345', 'kravchenko@gmail.com', 'м. Дніпро, вул. Дмитра Яворницького, 50, кв. 25', NULL),
('Савченко', 'Юлія', 'Олексіївна', '1993-08-20', 'Ж', 'Україна', '012345678', 'СТ', '+380500123456', 'savchenko@gmail.com', 'м. Київ, вул. Володимирська, 55, кв. 28', NULL);

-- Бронювання
INSERT INTO бронювання (номер_бронювання, рейс_id, дата_бронювання, клас_обслуговування_id, кількість_місць, загальна_вартість, знижка_відсоток, статус_id, метод_оплати_id, примітки) VALUES
('BK12345', 1, '2023-07-20 10:15:00', 1, 2, 3000.00, 0.00, 2, 1, NULL),
('BK23456', 1, '2023-07-21 11:30:00', 2, 1, 3750.00, 5.00, 2, 2, NULL),
('BK34567', 2, '2023-07-22 14:45:00', 1, 1, 1600.00, 0.00, 2, 1, NULL),
('BK45678', 2, '2023-07-23 09:20:00', 3, 2, 12800.00, 10.00, 2, 3, NULL),
('BK56789', 3, '2023-07-24 16:10:00', 1, 3, 4650.00, 0.00, 2, 1, NULL);

-- Бронювання_пасажири
INSERT INTO бронювання_пасажири (бронювання_id, пасажир_id, номер_місця) VALUES
(1, 1, '10A'),
(1, 2, '10B'),
(2, 3, '15C'),
(3, 4, '8D'),
(4, 5, '1A'),
(4, 6, '1B'),
(5, 7, '20A'),
(5, 8, '20B'),
(5, 9, '20C');

-- Рейси_персонал
INSERT INTO рейси_персонал (рейс_id, персонал_id, роль) VALUES
(1, 1, 'Капітан'),
(1, 2, 'Другий пілот'),
(1, 3, 'Бортпровідник'),
(1, 4, 'Бортпровідник'),
(2, 1, 'Капітан'),
(2, 2, 'Другий пілот'),
(2, 3, 'Бортпровідник'),
(2, 4, 'Бортпровідник'),
(3, 2, 'Капітан'),
(3, 1, 'Другий пілот'),
(3, 4, 'Бортпровідник');

-- Послуги
INSERT INTO послуги (назва, опис, вартість, доступність_в_класах) VALUES
('Додатковий багаж', 'Додатковий багаж вагою до 23 кг', 500.00, 'економ, бізнес, перший клас'),
('Спеціальне харчування', 'Спеціальне меню за запитом', 300.00, 'економ, бізнес, перший клас'),
('Вибір місця', 'Можливість вибрати конкретне місце', 200.00, 'економ'),
('Пріоритетна посадка', 'Першочергова посадка на літак', 250.00, 'економ'),
('VIP-зал очікування', 'Доступ до VIP-залу в аеропорту', 1000.00, 'економ, бізнес');

-- Надані послуги
INSERT INTO надані_послуги (бронювання_id, послуга_id, кількість, загальна_вартість, дата_надання) VALUES
(1, 1, 1, 500.00, '2023-07-20 10:20:00'),
(1, 3, 2, 400.00, '2023-07-20 10:25:00'),
(2, 5, 1, 1000.00, '2023-07-21 11:35:00'),
(3, 2, 1, 300.00, '2023-07-22 14:50:00'),
(4, 5, 2, 2000.00, '2023-07-23 09:25:00');

-- Технічне обслуговування
INSERT INTO технічне_обслуговування (літак_id, тип_обслуговування, опис, дата_початку, дата_завершення, відповідальний_техніка_id, статус_id, вартість, примітки) VALUES
(1, 'Плановий огляд', 'Регулярний технічний огляд', '2023-06-10', '2023-06-10', 5, 3, 2000.00, NULL),
(2, 'Плановий огляд', 'Регулярний технічний огляд', '2023-05-15', '2023-05-15', 5, 3, 2000.00, NULL),
(3, 'Плановий огляд', 'Регулярний технічний огляд', '2023-04-20', '2023-04-20', 5, 3, 2500.00, NULL),
(4, 'Капітальний ремонт', 'Планове технічне обслуговування з заміною деталей', '2023-03-25', NULL, 5, 2, 15000.00, 'Заміна двигуна'),
(5, 'Плановий огляд', 'Регулярний технічний огляд', '2023-07-05', '2023-07-05', 5, 3, 1800.00, NULL); 